{
    "rmse": 0.7833842329695311,
    "mae": 0.631757724261629,
    "r2": 0.02200660324261261
}